"created_at","PM1.0_CF_1_ug/m3_A","PM2.5_CF_1_ug/m3_A","PM10.0_CF_1_ug/m3_A","Uptime_Minutes_A","RSSI_dbm_A","Temperature_F_A","Humidity_%_A","PM2.5_CF_ATM_ug/m3_A","0.3um/dl_A","0.5um/dl_A","1.0um/dl_A","2.5um/dl_A","5.0um/dl_A","10.0um/dl_A","PM1.0_CF_ATM_ug/m3_A","PM10_CF_ATM_ug/m3_A","PM1.0_CF_1_ug/m3_B","PM2.5_CF_1_ug/m3_B","PM10.0_CF_1_ug/m3_B","HEAP_B","ADC0_voltage_B","Atmos_Pres_B","Not_Used_B","PM2.5_CF_ATM_ug/m3_B","0.3um/dl_B","0.5um/dl_B","1.0um/dl_B","2.5um/dl_B","5.0um/dl_B","10.0um/dl_B","PM1.0_CF_ATM_ug/m3_B","PM10_CF_ATM_ug/m3_B","ID","Name","Lat","Lon","Location","Type"
"2021-12-30 12:50:00 -0700",0,0,0,4,-48,72,28,0,90.22,25.88,1.83,0,0,0,0,0,NA,NA,NA,19120,0.02,854.25,25,NA,NA,NA,NA,NA,NA,NA,NA,NA,142064,"Mckowals",39.975414,-105.155525,"inside","PMS5003+PMS5003+BME280"
"2021-12-30 13:00:00 -0700",51.13,124.68,181.898,5,-52,72.75,27.5,83.055,9701.825,2913.608,1110.718,214.66,80.645,13.072,34.002,121.235,NA,NA,NA,19120,0.015,854.14,18.75,NA,NA,NA,NA,NA,NA,NA,NA,NA,142064,"Mckowals",39.975414,-105.155525,"inside","PMS5003+PMS5003+BME280"
"2021-12-30 13:10:00 -0700",246.836,552.17,753.634,14,-50.8,73,27,367.432,45568.746,13513.272,4652.3,808.18,287.492,40.398,163.812,501.618,NA,NA,NA,19153.6,0.02,853.982,25.046,NA,NA,NA,NA,NA,NA,NA,NA,NA,142064,"Mckowals",39.975414,-105.155525,"inside","PMS5003+PMS5003+BME280"
"2021-12-30 13:20:00 -0700",215.936,449.258,587.242,24,-50.4,73,27,298.766,39320.482,11555.832,3671.688,565.706,195.2,26.734,143.196,390.758,NA,NA,NA,18985.6,0.02,853.712,24.324,NA,NA,NA,NA,NA,NA,NA,NA,NA,142064,"Mckowals",39.975414,-105.155525,"inside","PMS5003+PMS5003+BME280"
"2021-12-30 13:30:00 -0700",190.484,379.294,480.854,34,-49.6,73.8,27,252.112,34387.286,10041.306,2982.852,438.426,141.576,19.142,126.278,319.834,NA,NA,NA,19019.2,0.02,853.628,22.194,NA,NA,NA,NA,NA,NA,NA,NA,NA,142064,"Mckowals",39.975414,-105.155525,"inside","PMS5003+PMS5003+BME280"
"2021-12-30 13:40:00 -0700",172.018,326.634,407.486,44,-51.8,74,27,217.022,30750.154,8946.514,2530.624,344.514,111.22,17.316,113.946,270.904,NA,NA,NA,19019.2,0.02,853.448,24.684,NA,NA,NA,NA,NA,NA,NA,NA,NA,142064,"Mckowals",39.975414,-105.155525,"inside","PMS5003+PMS5003+BME280"
"2021-12-30 13:50:00 -0700",151.138,281.874,345.884,54,-49.8,74,27,187.172,27005.932,7814.45,2143.708,279.158,89.164,12.068,100.004,229.822,NA,NA,NA,19052.8,0.02,853.336,24.69,NA,NA,NA,NA,NA,NA,NA,NA,NA,142064,"Mckowals",39.975414,-105.155525,"inside","PMS5003+PMS5003+BME280"
"2021-12-30 14:00:00 -0700",131.556,241.986,289.436,64,-53.6,74,27,160.558,23651.22,6815.222,1797.932,217.848,66.97,9.392,86.922,192.234,NA,NA,NA,18985.6,0.02,853.232,26.272,NA,NA,NA,NA,NA,NA,NA,NA,NA,142064,"Mckowals",39.975414,-105.155525,"inside","PMS5003+PMS5003+BME280"
"2021-12-30 14:10:00 -0700",111.058,200.476,234.66,74,-50,74,27,132.902,19971.86,5726.116,1465.798,168.962,46.464,5.316,73.27,155.676,NA,NA,NA,18985.6,0.02,853.108,26.286,NA,NA,NA,NA,NA,NA,NA,NA,NA,142064,"Mckowals",39.975414,-105.155525,"inside","PMS5003+PMS5003+BME280"
"2021-12-30 14:20:00 -0700",68.82,122.684,141.402,84,-53,74,27,81.032,12496.9,3562.108,876.126,94.23,26.038,2.976,45.164,94.158,NA,NA,NA,18963.2,0.02,853.022,26.022,NA,NA,NA,NA,NA,NA,NA,NA,NA,142064,"Mckowals",39.975414,-105.155525,"inside","PMS5003+PMS5003+BME280"
"2021-12-30 14:30:00 -0700",27.652,49.026,54.688,94,-51.2,74,27,39.072,5131.694,1456.21,349.5,29.73,7.56,1.16,23.252,48.486,NA,NA,NA,18918.4,0.02,852.908,20.252,NA,NA,NA,NA,NA,NA,NA,NA,NA,142064,"Mckowals",39.975414,-105.155525,"inside","PMS5003+PMS5003+BME280"
"2021-12-30 14:40:00 -0700",5.764,10.184,11.63,104,-52.6,74,27,10.184,1217.186,349.69,75.574,6.11,2.122,0.392,5.764,11.63,NA,NA,NA,19030.4,0.02,852.836,15.156,NA,NA,NA,NA,NA,NA,NA,NA,NA,142064,"Mckowals",39.975414,-105.155525,"inside","PMS5003+PMS5003+BME280"
"2021-12-30 14:50:00 -0700",1.112,2.106,2.246,114,-53,74,27,2.106,385.76,110.64,20.546,0.922,0.174,0,1.112,2.246,NA,NA,NA,18952,0.02,852.78,26.356,NA,NA,NA,NA,NA,NA,NA,NA,NA,142064,"Mckowals",39.975414,-105.155525,"inside","PMS5003+PMS5003+BME280"
"2021-12-30 15:00:00 -0700",0.106,0.388,0.5,124,-53,74,27,0.388,182.706,49.784,8.216,0.568,0.17,0,0.106,0.5,NA,NA,NA,18952,0.02,852.738,24.99,NA,NA,NA,NA,NA,NA,NA,NA,NA,142064,"Mckowals",39.975414,-105.155525,"inside","PMS5003+PMS5003+BME280"
"2021-12-30 15:10:00 -0700",0,0.12,0.12,130,-51,74,27,0.12,114.15,30.62,5.5,0,0,0,0,0.12,NA,NA,NA,18952,0.02,852.77,23.4,NA,NA,NA,NA,NA,NA,NA,NA,NA,142064,"Mckowals",39.975414,-105.155525,"inside","PMS5003+PMS5003+BME280"
"2021-12-30 15:20:00 -0700",NA,NA,NA,NA,NA,NA,NA,NA,NA,NA,NA,NA,NA,NA,NA,NA,NA,NA,NA,NA,NA,NA,NA,NA,NA,NA,NA,NA,NA,NA,NA,NA,142064,"Mckowals",39.975414,-105.155525,"inside","PMS5003+PMS5003+BME280"
"2021-12-30 15:30:00 -0700",NA,NA,NA,NA,NA,NA,NA,NA,NA,NA,NA,NA,NA,NA,NA,NA,NA,NA,NA,NA,NA,NA,NA,NA,NA,NA,NA,NA,NA,NA,NA,NA,142064,"Mckowals",39.975414,-105.155525,"inside","PMS5003+PMS5003+BME280"
"2021-12-30 15:40:00 -0700",NA,NA,NA,NA,NA,NA,NA,NA,NA,NA,NA,NA,NA,NA,NA,NA,NA,NA,NA,NA,NA,NA,NA,NA,NA,NA,NA,NA,NA,NA,NA,NA,142064,"Mckowals",39.975414,-105.155525,"inside","PMS5003+PMS5003+BME280"
"2021-12-30 15:50:00 -0700",NA,NA,NA,NA,NA,NA,NA,NA,NA,NA,NA,NA,NA,NA,NA,NA,NA,NA,NA,NA,NA,NA,NA,NA,NA,NA,NA,NA,NA,NA,NA,NA,142064,"Mckowals",39.975414,-105.155525,"inside","PMS5003+PMS5003+BME280"
"2021-12-30 16:00:00 -0700",NA,NA,NA,NA,NA,NA,NA,NA,NA,NA,NA,NA,NA,NA,NA,NA,NA,NA,NA,NA,NA,NA,NA,NA,NA,NA,NA,NA,NA,NA,NA,NA,142064,"Mckowals",39.975414,-105.155525,"inside","PMS5003+PMS5003+BME280"
"2021-12-30 16:10:00 -0700",0,0.044,0.262,6,-58,73.4,28.4,0.044,84.518,23.306,4.626,0.772,0.346,0.26,0,0.262,NA,NA,NA,19187.2,0.016,852.238,16.436,NA,NA,NA,NA,NA,NA,NA,NA,NA,142064,"Mckowals",39.975414,-105.155525,"inside","PMS5003+PMS5003+BME280"
"2021-12-30 16:20:00 -0700",0,0.043,0.113,6,-58.667,76,26.667,0.043,93.29,23.793,3.657,0.343,0.193,0,0,0.113,NA,NA,NA,19136,0.01,852.265,12.5,NA,NA,NA,NA,NA,NA,NA,NA,NA,142064,"Mckowals",39.975414,-105.155525,"inside","PMS5003+PMS5003+BME280"
"2021-12-30 16:30:00 -0700",203.77,502.304,708.828,6,-58.8,78.4,25.2,334.414,28831.62,11466.52,4472.692,817.982,294.912,45.618,135.374,472.106,NA,NA,NA,19052.8,0.016,852.002,19.984,NA,NA,NA,NA,NA,NA,NA,NA,NA,142064,"Mckowals",39.975414,-105.155525,"inside","PMS5003+PMS5003+BME280"
"2021-12-30 16:40:00 -0700",274.098,580.476,765.05,16,-62.2,80.2,24.2,386.362,49754.766,14648.426,4806.784,759.972,260.61,40.412,181.966,509.228,NA,NA,NA,18985.6,0.02,851.992,25.51,NA,NA,NA,NA,NA,NA,NA,NA,NA,142064,"Mckowals",39.975414,-105.155525,"inside","PMS5003+PMS5003+BME280"
"2021-12-30 16:50:00 -0700",258.124,524.602,670.154,26,-62.4,81.2,23.6,349.084,46453.244,13630.22,4253.056,618.13,205.812,28.876,171.378,445.958,NA,NA,NA,18952,0.02,852.064,26.308,NA,NA,NA,NA,NA,NA,NA,NA,NA,142064,"Mckowals",39.975414,-105.155525,"inside","PMS5003+PMS5003+BME280"
"2021-12-30 17:00:00 -0700",242.426,479.524,599.094,36,-62.8,82,23,319.042,43551.05,12716.848,3772.676,531.272,169.508,20.546,160.928,398.744,NA,NA,NA,18985.6,0.02,851.984,26.784,NA,NA,NA,NA,NA,NA,NA,NA,NA,142064,"Mckowals",39.975414,-105.155525,"inside","PMS5003+PMS5003+BME280"
"2021-12-30 17:10:00 -0700",230.384,440.546,542.2,46,-61.6,82.6,23,292.984,41158.078,11975.864,3409.748,450.276,140.486,20.636,152.856,360.786,NA,NA,NA,18985.6,0.02,852.04,27.236,NA,NA,NA,NA,NA,NA,NA,NA,NA,142064,"Mckowals",39.975414,-105.155525,"inside","PMS5003+PMS5003+BME280"
"2021-12-30 17:20:00 -0700",217.906,408.264,496.688,56,-59.8,83,22.2,271.474,38911.032,11278.834,3137.63,391.586,122.84,14.776,144.552,330.354,NA,NA,NA,18985.6,0.02,852.082,27.562,NA,NA,NA,NA,NA,NA,NA,NA,NA,142064,"Mckowals",39.975414,-105.155525,"inside","PMS5003+PMS5003+BME280"
"2021-12-30 17:30:00 -0700",204.644,377.106,450.196,66,-60.8,83,22,250.648,36496.352,10531.218,2837.352,347.462,100.454,12.456,135.718,299.386,NA,NA,NA,18985.6,0.02,852.15,43.8,NA,NA,NA,NA,NA,NA,NA,NA,NA,142064,"Mckowals",39.975414,-105.155525,"inside","PMS5003+PMS5003+BME280"
"2021-12-30 17:40:00 -0700",193.878,350.866,414.026,76,-57,83,22,233.12,34542.862,9927.446,2595.544,304.888,87.318,11.036,128.474,275.28,NA,NA,NA,18929.6,0.02,852.07,43.362,NA,NA,NA,NA,NA,NA,NA,NA,NA,142064,"Mckowals",39.975414,-105.155525,"inside","PMS5003+PMS5003+BME280"
"2021-12-30 17:50:00 -0700",183.58,327.716,387.646,86,-58.4,83,22,217.732,32663.572,9370.662,2381.268,285.266,82.606,10.254,121.634,257.636,NA,NA,NA,18952,0.02,852.076,43.26,NA,NA,NA,NA,NA,NA,NA,NA,NA,142064,"Mckowals",39.975414,-105.155525,"inside","PMS5003+PMS5003+BME280"
"2021-12-30 18:00:00 -0700",170.306,299.944,348.182,96,-58.6,83,22,199.31,30312.826,8663.236,2160.066,239.156,66.176,7.378,112.784,231.412,NA,NA,NA,18985.6,0.02,852.188,43.598,NA,NA,NA,NA,NA,NA,NA,NA,NA,142064,"Mckowals",39.975414,-105.155525,"inside","PMS5003+PMS5003+BME280"
"2021-12-30 18:10:00 -0700",157.168,273.272,317.12,106,-58.2,83,22,181.486,27938.594,7986.208,1948.908,214.968,60.204,7.964,104.056,210.706,NA,NA,NA,19019.2,0.02,852.318,44.088,NA,NA,NA,NA,NA,NA,NA,NA,NA,142064,"Mckowals",39.975414,-105.155525,"inside","PMS5003+PMS5003+BME280"
"2021-12-30 18:20:00 -0700",142.31,246.118,282.334,116,-57.8,82,22,163.336,25471.052,7246.042,1732.776,186.164,50.156,5.95,94.098,187.466,NA,NA,NA,18985.6,0.02,852.566,44.166,NA,NA,NA,NA,NA,NA,NA,NA,NA,142064,"Mckowals",39.975414,-105.155525,"inside","PMS5003+PMS5003+BME280"
"2021-12-30 18:30:00 -0700",129.02,221.818,252.404,126,-57.2,82,22,147.138,23060.588,6558.02,1544.958,162.316,41.558,4.766,85.26,167.554,NA,NA,NA,18952,0.02,852.742,47.838,NA,NA,NA,NA,NA,NA,NA,NA,NA,142064,"Mckowals",39.975414,-105.155525,"inside","PMS5003+PMS5003+BME280"
"2021-12-30 18:40:00 -0700",115.678,197.416,222.604,136,-61.2,81,22,130.862,20678.092,5878.838,1355.03,137.982,34.676,4.322,76.37,147.696,NA,NA,NA,18985.6,0.02,852.76,50.748,NA,NA,NA,NA,NA,NA,NA,NA,NA,142064,"Mckowals",39.975414,-105.155525,"inside","PMS5003+PMS5003+BME280"
"2021-12-30 18:50:00 -0700",108.138,182.992,207.632,146,-61.4,81,22,121.27,19366.93,5485.648,1261.052,127.508,33.346,3.678,71.338,137.68,NA,NA,NA,19019.2,0.02,852.7,51.01,NA,NA,NA,NA,NA,NA,NA,NA,NA,142064,"Mckowals",39.975414,-105.155525,"inside","PMS5003+PMS5003+BME280"
"2021-12-30 19:00:00 -0700",101.612,169.556,190.222,156,-60.4,80.2,22,112.246,18161.226,5137.188,1145.682,111.024,28.578,3.792,66.968,126.038,NA,NA,NA,18985.6,0.02,852.684,54.42,NA,NA,NA,NA,NA,NA,NA,NA,NA,142064,"Mckowals",39.975414,-105.155525,"inside","PMS5003+PMS5003+BME280"
"2021-12-30 19:10:00 -0700",95.144,158.582,178.006,166,-60.4,80,22,105.006,17034.222,4820.436,1079.694,101.282,27.136,2.622,62.702,117.958,NA,NA,NA,18985.6,0.02,852.746,57.496,NA,NA,NA,NA,NA,NA,NA,NA,NA,142064,"Mckowals",39.975414,-105.155525,"inside","PMS5003+PMS5003+BME280"
"2021-12-30 19:20:00 -0700",87.89,145.478,162.112,176,-58.2,80,21.2,96.264,15725.556,4448.888,972.15,89.714,22.884,2.86,57.842,107.322,NA,NA,NA,18952,0.02,852.694,59.298,NA,NA,NA,NA,NA,NA,NA,NA,NA,142064,"Mckowals",39.975414,-105.155525,"inside","PMS5003+PMS5003+BME280"
"2021-12-30 19:30:00 -0700",81.552,133.692,147.438,186,-60.2,80,21,88.426,14622.26,4127.702,889.748,77.044,18.742,2.158,53.634,97.544,NA,NA,NA,18918.4,0.02,852.872,60.812,NA,NA,NA,NA,NA,NA,NA,NA,NA,142064,"Mckowals",39.975414,-105.155525,"inside","PMS5003+PMS5003+BME280"
"2021-12-30 19:40:00 -0700",74.7,123.63,137.102,196,-59.4,80,21,81.636,13494.76,3796.626,825.512,72.512,18.574,2.216,49.052,90.602,NA,NA,NA,18952,0.02,853.012,61.048,NA,NA,NA,NA,NA,NA,NA,NA,NA,142064,"Mckowals",39.975414,-105.155525,"inside","PMS5003+PMS5003+BME280"
"2021-12-30 19:50:00 -0700",69.818,114.602,126.36,206,-58.4,79.8,21,75.614,12621.438,3555.07,750.452,66.786,16.218,1.984,45.778,83.792,NA,NA,NA,19019.2,0.02,853.024,61.626,NA,NA,NA,NA,NA,NA,NA,NA,NA,142064,"Mckowals",39.975414,-105.155525,"inside","PMS5003+PMS5003+BME280"
"2021-12-30 20:00:00 -0700",64.134,105.946,116.554,216,-57.2,79.4,21,69.868,11647.166,3272.468,700.458,59.628,14.494,1.962,42.004,78.864,NA,NA,NA,18985.6,0.02,853.066,61.306,NA,NA,NA,NA,NA,NA,NA,NA,NA,142064,"Mckowals",39.975414,-105.155525,"inside","PMS5003+PMS5003+BME280"
"2021-12-30 20:10:00 -0700",59.424,96.662,105.628,226,-57.4,79,21,63.726,10756.066,3027.024,636.6,49.608,12.214,1.77,38.852,74.614,NA,NA,NA,18985.6,0.02,853.122,62.268,NA,NA,NA,NA,NA,NA,NA,NA,NA,142064,"Mckowals",39.975414,-105.155525,"inside","PMS5003+PMS5003+BME280"
"2021-12-30 20:20:00 -0700",55.38,90.594,99.274,236,-60.2,79,21,59.636,10089.398,2828.838,592.476,49.302,11.876,1.138,36.238,72.222,NA,NA,NA,18985.6,0.02,853.286,62.416,NA,NA,NA,NA,NA,NA,NA,NA,NA,142064,"Mckowals",39.975414,-105.155525,"inside","PMS5003+PMS5003+BME280"
"2021-12-30 20:30:00 -0700",50.99,82.234,89.414,246,-58.8,79,21,54.424,9280.348,2601.294,536.34,41.492,9.796,1.1,34.234,68.31,NA,NA,NA,18918.4,0.02,853.284,61.724,NA,NA,NA,NA,NA,NA,NA,NA,NA,142064,"Mckowals",39.975414,-105.155525,"inside","PMS5003+PMS5003+BME280"
"2021-12-30 20:40:00 -0700",47.116,75.952,82.104,256,-56.6,79,21,51.546,8637.544,2414.856,490.722,36.076,8.576,1.056,32.826,65.076,NA,NA,NA,18985.6,0.02,853.258,63.236,NA,NA,NA,NA,NA,NA,NA,NA,NA,142064,"Mckowals",39.975414,-105.155525,"inside","PMS5003+PMS5003+BME280"
"2021-12-30 20:50:00 -0700",42.874,70.36,75.952,266,-57.2,79,21,49.548,7870.778,2209.428,454.98,34.214,7.394,1.238,31.244,62.29,NA,NA,NA,18985.6,0.02,853.238,62.032,NA,NA,NA,NA,NA,NA,NA,NA,NA,142064,"Mckowals",39.975414,-105.155525,"inside","PMS5003+PMS5003+BME280"
"2021-12-30 21:00:00 -0700",40.302,65.486,71,276,-58.6,79,21,47.676,7391.438,2071.414,432.11,29.698,7.296,1.054,30.218,59.884,NA,NA,NA,18985.6,0.02,853.118,62.176,NA,NA,NA,NA,NA,NA,NA,NA,NA,142064,"Mckowals",39.975414,-105.155525,"inside","PMS5003+PMS5003+BME280"
"2021-12-30 21:10:00 -0700",36.03,59.048,63.804,286,-58.2,79,21,44.984,6667.482,1864.84,386.12,28.356,6.238,0.702,28.192,55.936,NA,NA,NA,18952,0.02,852.976,62.36,NA,NA,NA,NA,NA,NA,NA,NA,NA,142064,"Mckowals",39.975414,-105.155525,"inside","PMS5003+PMS5003+BME280"
"2021-12-30 21:20:00 -0700",32.338,53.22,57.504,296,-59.2,79,21,42.546,6004.618,1682.294,347.696,25.378,5.5,0.688,26.634,52.316,NA,NA,NA,18952,0.02,852.902,62.488,NA,NA,NA,NA,NA,NA,NA,NA,NA,142064,"Mckowals",39.975414,-105.155525,"inside","PMS5003+PMS5003+BME280"
"2021-12-30 21:30:00 -0700",29.586,47.846,51.668,306,-60.2,79,21,40.07,5482.386,1538.748,308.686,21.85,5.264,0.658,25.29,48.89,NA,NA,NA,18952,0.02,852.8,64.688,NA,NA,NA,NA,NA,NA,NA,NA,NA,142064,"Mckowals",39.975414,-105.155525,"inside","PMS5003+PMS5003+BME280"
"2021-12-30 21:40:00 -0700",26.816,43.368,46.45,316,-59.8,79,21,37.608,4985.488,1404.482,287.212,17.576,4.078,0.828,23.61,45.272,NA,NA,NA,18952,0.02,852.792,62.7,NA,NA,NA,NA,NA,NA,NA,NA,NA,142064,"Mckowals",39.975414,-105.155525,"inside","PMS5003+PMS5003+BME280"
"2021-12-30 21:50:00 -0700",23.494,39.374,42.55,326,-56.4,79,21,35.32,4450.978,1245.634,261.1,18.036,4.4,0.512,21.754,42.242,NA,NA,NA,18952,0.02,852.982,62.82,NA,NA,NA,NA,NA,NA,NA,NA,NA,142064,"Mckowals",39.975414,-105.155525,"inside","PMS5003+PMS5003+BME280"
"2021-12-30 22:00:00 -0700",21.164,34.426,37.496,336,-57.8,79,21,32.31,4015.556,1122.058,226.47,15.582,4.382,0.624,20.324,37.482,NA,NA,NA,18952,0.02,852.868,62.974,NA,NA,NA,NA,NA,NA,NA,NA,NA,142064,"Mckowals",39.975414,-105.155525,"inside","PMS5003+PMS5003+BME280"
"2021-12-30 22:10:00 -0700",19.244,30.842,33.514,346,-58.6,78,21,30.048,3623.95,1016.614,200.736,13.636,4.178,0.344,18.996,33.514,NA,NA,NA,18952,0.02,852.83,63.104,NA,NA,NA,NA,NA,NA,NA,NA,NA,142064,"Mckowals",39.975414,-105.155525,"inside","PMS5003+PMS5003+BME280"
"2021-12-30 22:20:00 -0700",16.722,27.678,29.35,356,-60.2,78,21,27.436,3183.756,886.062,179.904,12.5,2.14,0.152,16.722,29.35,NA,NA,NA,18985.6,0.02,852.78,63.294,NA,NA,NA,NA,NA,NA,NA,NA,NA,142064,"Mckowals",39.975414,-105.155525,"inside","PMS5003+PMS5003+BME280"
"2021-12-30 22:30:00 -0700",15.492,24.694,26.798,366,-60.8,78,21,24.692,2927.1,817.418,160.61,10.77,3.092,0.356,15.492,26.798,NA,NA,NA,18952,0.02,852.618,66.726,NA,NA,NA,NA,NA,NA,NA,NA,NA,142064,"Mckowals",39.975414,-105.155525,"inside","PMS5003+PMS5003+BME280"
"2021-12-30 22:40:00 -0700",13.204,21.3,23.266,376,-58.2,78,21,21.3,2565.552,709.7,143.106,9.316,2.93,0.364,13.204,23.266,NA,NA,NA,18952,0.02,852.556,63.606,NA,NA,NA,NA,NA,NA,NA,NA,NA,142064,"Mckowals",39.975414,-105.155525,"inside","PMS5003+PMS5003+BME280"
"2021-12-30 22:50:00 -0700",11.53,17.674,18.878,386,-58.4,78,21,17.674,2253.31,623.302,108.406,7.02,1.766,0.324,11.53,18.878,NA,NA,NA,18952,0.02,852.864,63.74,NA,NA,NA,NA,NA,NA,NA,NA,NA,142064,"Mckowals",39.975414,-105.155525,"inside","PMS5003+PMS5003+BME280"
"2021-12-30 23:00:00 -0700",10.47,16.158,17.37,396,-58.4,78,21,16.158,2073.306,570.554,104.062,6.734,1.394,0.324,10.47,17.37,NA,NA,NA,18952,0.02,853.05,77.888,NA,NA,NA,NA,NA,NA,NA,NA,NA,142064,"Mckowals",39.975414,-105.155525,"inside","PMS5003+PMS5003+BME280"
"2021-12-30 23:10:00 -0700",9.334,14.43,15.306,406,-58.8,77,21,14.43,1832.66,506.862,91.746,5.21,1.136,0.156,9.334,15.306,NA,NA,NA,19019.2,0.02,853.064,120.002,NA,NA,NA,NA,NA,NA,NA,NA,NA,142064,"Mckowals",39.975414,-105.155525,"inside","PMS5003+PMS5003+BME280"
"2021-12-30 23:20:00 -0700",8.148,12.348,13.658,416,-57.2,77,21,12.348,1601.086,440.45,79.824,6.468,1.54,0.198,8.148,13.658,NA,NA,NA,18985.6,0.02,853.146,123.232,NA,NA,NA,NA,NA,NA,NA,NA,NA,142064,"Mckowals",39.975414,-105.155525,"inside","PMS5003+PMS5003+BME280"
"2021-12-30 23:30:00 -0700",7.194,11,11.594,426,-57,77,21.6,11,1435.274,402.68,74.31,3.888,0.764,0.12,7.194,11.594,NA,NA,NA,18952,0.02,853.212,124.786,NA,NA,NA,NA,NA,NA,NA,NA,NA,142064,"Mckowals",39.975414,-105.155525,"inside","PMS5003+PMS5003+BME280"
"2021-12-30 23:40:00 -0700",6.058,9.542,10.54,436,-55.8,77,21.4,9.542,1279.766,356.336,63.97,4.51,1.514,0.314,6.058,10.54,NA,NA,NA,18985.6,0.02,853.2,124.812,NA,NA,NA,NA,NA,NA,NA,NA,NA,142064,"Mckowals",39.975414,-105.155525,"inside","PMS5003+PMS5003+BME280"
"2021-12-30 23:50:00 -0700",5.452,8.266,8.736,446,-56.4,77,21.6,8.266,1146.658,316.434,55.04,3.274,0.508,0.098,5.452,8.736,NA,NA,NA,18985.6,0.02,853.258,124.986,NA,NA,NA,NA,NA,NA,NA,NA,NA,142064,"Mckowals",39.975414,-105.155525,"inside","PMS5003+PMS5003+BME280"
"2021-12-31 00:00:00 -0700",4.51,6.894,7.324,456,-59,77,22,6.894,956.346,266.948,45.572,2.946,0.602,0.172,4.51,7.324,NA,NA,NA,19019.2,0.02,853.5,125.134,NA,NA,NA,NA,NA,NA,NA,NA,NA,142064,"Mckowals",39.975414,-105.155525,"inside","PMS5003+PMS5003+BME280"
"2021-12-31 00:10:00 -0700",3.744,5.828,6.252,466,-58.2,77,22,5.828,865.318,234.204,37.832,3.228,0.602,0,3.744,6.252,NA,NA,NA,18952,0.02,853.612,125.3,NA,NA,NA,NA,NA,NA,NA,NA,NA,142064,"Mckowals",39.975414,-105.155525,"inside","PMS5003+PMS5003+BME280"
"2021-12-31 00:20:00 -0700",3.33,5.124,5.808,476,-59,77,21.8,5.124,781.996,216.854,34.368,2.646,0.988,0.086,3.33,5.808,NA,NA,NA,18952,0.02,853.454,125.48,NA,NA,NA,NA,NA,NA,NA,NA,NA,142064,"Mckowals",39.975414,-105.155525,"inside","PMS5003+PMS5003+BME280"
"2021-12-31 00:30:00 -0700",2.84,4.238,4.552,486,-58,77,21.8,4.238,684.77,184.93,26.788,1.908,0.512,0.084,2.84,4.552,NA,NA,NA,18952,0.02,853.384,126.944,NA,NA,NA,NA,NA,NA,NA,NA,NA,142064,"Mckowals",39.975414,-105.155525,"inside","PMS5003+PMS5003+BME280"
"2021-12-31 00:40:00 -0700",2.204,3.776,4.132,496,-56.6,76,22,3.776,581.276,160.918,27.578,2.072,0.558,0,2.204,4.132,NA,NA,NA,18952,0.02,853.392,125.806,NA,NA,NA,NA,NA,NA,NA,NA,NA,142064,"Mckowals",39.975414,-105.155525,"inside","PMS5003+PMS5003+BME280"
"2021-12-31 00:50:00 -0700",1.798,2.988,3.298,506,-57.4,76,22,2.988,511.696,139.756,22.958,1.748,0.426,0.086,1.798,3.298,NA,NA,NA,18952,0.02,853.436,125.9,NA,NA,NA,NA,NA,NA,NA,NA,NA,142064,"Mckowals",39.975414,-105.155525,"inside","PMS5003+PMS5003+BME280"
"2021-12-31 01:00:00 -0700",1.314,2.236,2.586,516,-58,76,22,2.236,423.802,117.018,16.374,1.038,0.514,0.086,1.314,2.586,NA,NA,NA,18952,0.02,853.452,125.952,NA,NA,NA,NA,NA,NA,NA,NA,NA,142064,"Mckowals",39.975414,-105.155525,"inside","PMS5003+PMS5003+BME280"
"2021-12-31 01:10:00 -0700",1.108,2.098,2.304,526,-58.8,76,22,2.098,388.66,107.038,18.236,1.112,0.17,0,1.108,2.304,NA,NA,NA,18985.6,0.02,853.524,125.888,NA,NA,NA,NA,NA,NA,NA,NA,NA,142064,"Mckowals",39.975414,-105.155525,"inside","PMS5003+PMS5003+BME280"
"2021-12-31 01:20:00 -0700",0.848,1.39,1.746,536,-59,76,22,1.39,316.552,86.49,13.618,1.182,0.676,0,0.848,1.746,NA,NA,NA,18985.6,0.02,853.546,125.814,NA,NA,NA,NA,NA,NA,NA,NA,NA,142064,"Mckowals",39.975414,-105.155525,"inside","PMS5003+PMS5003+BME280"
"2021-12-31 01:30:00 -0700",0.388,1.052,1.178,546,-58.4,76,22,1.052,258.06,69.614,11.502,1.09,0.152,0.086,0.388,1.178,NA,NA,NA,18884.8,0.02,853.596,127.24,NA,NA,NA,NA,NA,NA,NA,NA,NA,142064,"Mckowals",39.975414,-105.155525,"inside","PMS5003+PMS5003+BME280"
"2021-12-31 01:40:00 -0700",0.404,0.88,1.024,556,-56.8,76,22,0.88,242.838,65.282,10.528,0.628,0.198,0,0.404,1.024,NA,NA,NA,18985.6,0.02,853.616,127.032,NA,NA,NA,NA,NA,NA,NA,NA,NA,142064,"Mckowals",39.975414,-105.155525,"inside","PMS5003+PMS5003+BME280"
"2021-12-31 01:50:00 -0700",0.148,0.556,0.556,566,-60,76,22,0.556,206.154,54.982,8.566,0.172,0,0,0.148,0.556,NA,NA,NA,18985.6,0.02,853.602,125.508,NA,NA,NA,NA,NA,NA,NA,NA,NA,142064,"Mckowals",39.975414,-105.155525,"inside","PMS5003+PMS5003+BME280"
"2021-12-31 02:00:00 -0700",0.034,0.432,0.62,576,-58.6,76,22,0.432,164.506,43.89,7.746,0.894,0.258,0.086,0.034,0.62,NA,NA,NA,18985.6,0.02,853.536,126.346,NA,NA,NA,NA,NA,NA,NA,NA,NA,142064,"Mckowals",39.975414,-105.155525,"inside","PMS5003+PMS5003+BME280"
"2021-12-31 02:10:00 -0700",0.042,0.41,0.464,586,-60.8,76,22,0.41,149.192,41.296,6.63,0.57,0.086,0,0.042,0.464,NA,NA,NA,19019.2,0.02,853.59,126.03,NA,NA,NA,NA,NA,NA,NA,NA,NA,142064,"Mckowals",39.975414,-105.155525,"inside","PMS5003+PMS5003+BME280"
"2021-12-31 02:20:00 -0700",0,0.134,0.178,596,-56.2,75.8,22,0.134,120.068,32.232,4.876,0.432,0.086,0,0,0.178,NA,NA,NA,18952,0.02,853.65,125.806,NA,NA,NA,NA,NA,NA,NA,NA,NA,142064,"Mckowals",39.975414,-105.155525,"inside","PMS5003+PMS5003+BME280"
"2021-12-31 02:30:00 -0700",0,0.008,0.1,606,-56.8,75,22,0.008,88.136,24.448,4.974,0.516,0.086,0,0,0.1,NA,NA,NA,18952,0.02,853.622,129.596,NA,NA,NA,NA,NA,NA,NA,NA,NA,142064,"Mckowals",39.975414,-105.155525,"inside","PMS5003+PMS5003+BME280"
"2021-12-31 02:40:00 -0700",0,0.034,0.078,616,-58.6,75,22,0.034,82.534,23.254,2.782,0.258,0.086,0,0,0.078,NA,NA,NA,18952,0.02,853.784,130.44,NA,NA,NA,NA,NA,NA,NA,NA,NA,142064,"Mckowals",39.975414,-105.155525,"inside","PMS5003+PMS5003+BME280"
"2021-12-31 02:50:00 -0700",0,0,0.042,626,-58.8,75,22,0,71.586,19.116,2.81,0.172,0.086,0,0,0.042,NA,NA,NA,18985.6,0.02,853.776,127.864,NA,NA,NA,NA,NA,NA,NA,NA,NA,142064,"Mckowals",39.975414,-105.155525,"inside","PMS5003+PMS5003+BME280"
"2021-12-31 03:00:00 -0700",0,0,0,636,-57.6,75,22,0,65.124,16.42,2.306,0,0,0,0,0,NA,NA,NA,18952,0.02,853.822,125.254,NA,NA,NA,NA,NA,NA,NA,NA,NA,142064,"Mckowals",39.975414,-105.155525,"inside","PMS5003+PMS5003+BME280"
"2021-12-31 03:10:00 -0700",0,0.004,0.004,646,-59.4,75,22,0.004,60.616,15.098,2.746,0.086,0,0,0,0.004,NA,NA,NA,18952,0.02,853.858,122.142,NA,NA,NA,NA,NA,NA,NA,NA,NA,142064,"Mckowals",39.975414,-105.155525,"inside","PMS5003+PMS5003+BME280"
"2021-12-31 03:20:00 -0700",0,0.008,0.008,656,-57.4,75,22,0.008,55.372,15.522,2.762,0.028,0,0,0,0.008,NA,NA,NA,19052.8,0.02,853.832,121.904,NA,NA,NA,NA,NA,NA,NA,NA,NA,142064,"Mckowals",39.975414,-105.155525,"inside","PMS5003+PMS5003+BME280"
"2021-12-31 03:30:00 -0700",0,0.004,0.026,666,-57.8,75,22,0.004,47.958,13.316,3.064,0.356,0,0,0,0.026,NA,NA,NA,18952,0.02,853.874,119.45,NA,NA,NA,NA,NA,NA,NA,NA,NA,142064,"Mckowals",39.975414,-105.155525,"inside","PMS5003+PMS5003+BME280"
"2021-12-31 03:40:00 -0700",0,0,0.112,676,-59,75,22,0,38.596,10.482,1.974,0.302,0.258,0,0,0.112,NA,NA,NA,19019.2,0.02,853.838,117.584,NA,NA,NA,NA,NA,NA,NA,NA,NA,142064,"Mckowals",39.975414,-105.155525,"inside","PMS5003+PMS5003+BME280"
"2021-12-31 03:50:00 -0700",0,0,0,686,-59.2,75,22,0,30.132,7.8,1.288,0.172,0,0,0,0,NA,NA,NA,18985.6,0.02,853.708,113.172,NA,NA,NA,NA,NA,NA,NA,NA,NA,142064,"Mckowals",39.975414,-105.155525,"inside","PMS5003+PMS5003+BME280"
"2021-12-31 04:00:00 -0700",0,0,0,696,-58.6,75,22,0,24.208,6.97,1.318,0.256,0,0,0,0,NA,NA,NA,18918.4,0.02,853.632,111.728,NA,NA,NA,NA,NA,NA,NA,NA,NA,142064,"Mckowals",39.975414,-105.155525,"inside","PMS5003+PMS5003+BME280"
"2021-12-31 04:10:00 -0700",0,0,0.044,706,-58.6,75,22,0,22.338,6.714,1.338,0.086,0.086,0,0,0.044,NA,NA,NA,18952,0.02,853.522,109.862,NA,NA,NA,NA,NA,NA,NA,NA,NA,142064,"Mckowals",39.975414,-105.155525,"inside","PMS5003+PMS5003+BME280"
"2021-12-31 04:20:00 -0700",0,0,0,716,-58.2,75,22,0,22.34,5.726,0.696,0.086,0,0,0,0,NA,NA,NA,18952,0.02,853.476,108.216,NA,NA,NA,NA,NA,NA,NA,NA,NA,142064,"Mckowals",39.975414,-105.155525,"inside","PMS5003+PMS5003+BME280"
"2021-12-31 04:30:00 -0700",0,0,0,726,-57.6,75,22,0,15.764,4.45,0.442,0.086,0,0,0,0,NA,NA,NA,18985.6,0.02,853.376,105.442,NA,NA,NA,NA,NA,NA,NA,NA,NA,142064,"Mckowals",39.975414,-105.155525,"inside","PMS5003+PMS5003+BME280"
"2021-12-31 04:40:00 -0700",0,0,0,736,-58.4,75,22,0,17.924,4.3,0.926,0,0,0,0,0,NA,NA,NA,19019.2,0.02,853.332,103.17,NA,NA,NA,NA,NA,NA,NA,NA,NA,142064,"Mckowals",39.975414,-105.155525,"inside","PMS5003+PMS5003+BME280"
"2021-12-31 04:50:00 -0700",0,0,0,746,-59,75,22,0,17.29,4.858,0.43,0,0,0,0,0,NA,NA,NA,18884.8,0.02,853.252,102.08,NA,NA,NA,NA,NA,NA,NA,NA,NA,142064,"Mckowals",39.975414,-105.155525,"inside","PMS5003+PMS5003+BME280"
"2021-12-31 05:00:00 -0700",0,0,0,756,-59.2,75,22,0,15.742,4.222,0.514,0,0,0,0,0,NA,NA,NA,18918.4,0.02,853.244,99.932,NA,NA,NA,NA,NA,NA,NA,NA,NA,142064,"Mckowals",39.975414,-105.155525,"inside","PMS5003+PMS5003+BME280"
"2021-12-31 05:10:00 -0700",0,0,0.042,766,-57.6,75,22,0,16.538,4.866,0.942,0.172,0.086,0,0,0.042,NA,NA,NA,18952,0.02,853.226,98.338,NA,NA,NA,NA,NA,NA,NA,NA,NA,142064,"Mckowals",39.975414,-105.155525,"inside","PMS5003+PMS5003+BME280"
"2021-12-31 05:20:00 -0700",0,0,0,776,-57.2,75,22,0,15.298,3.766,0.582,0,0,0,0,0,NA,NA,NA,18929.6,0.02,853.14,96.148,NA,NA,NA,NA,NA,NA,NA,NA,NA,142064,"Mckowals",39.975414,-105.155525,"inside","PMS5003+PMS5003+BME280"
"2021-12-31 05:30:00 -0700",0,0,0,786,-57.6,75,22,0,13.39,3.476,0.57,0,0,0,0,0,NA,NA,NA,18884.8,0.02,852.988,94.602,NA,NA,NA,NA,NA,NA,NA,NA,NA,142064,"Mckowals",39.975414,-105.155525,"inside","PMS5003+PMS5003+BME280"
"2021-12-31 05:40:00 -0700",0,0,0.036,796,-57.8,75,22,0,11.706,2.656,0.342,0.084,0.084,0,0,0.036,NA,NA,NA,18952,0.02,852.968,93.942,NA,NA,NA,NA,NA,NA,NA,NA,NA,142064,"Mckowals",39.975414,-105.155525,"inside","PMS5003+PMS5003+BME280"
"2021-12-31 05:50:00 -0700",0,0,0,806,-58.4,75,22,0,7.92,2.336,0.342,0.084,0,0,0,0,NA,NA,NA,18952,0.02,852.97,93.3,NA,NA,NA,NA,NA,NA,NA,NA,NA,142064,"Mckowals",39.975414,-105.155525,"inside","PMS5003+PMS5003+BME280"
"2021-12-31 06:00:00 -0700",0,0,0,816,-58,75,22,0,7.726,2.322,0.426,0.086,0,0,0,0,NA,NA,NA,18963.2,0.02,852.884,91.544,NA,NA,NA,NA,NA,NA,NA,NA,NA,142064,"Mckowals",39.975414,-105.155525,"inside","PMS5003+PMS5003+BME280"
"2021-12-31 06:10:00 -0700",0,0,0,826,-58.8,75,22,0,7.67,2.184,0.172,0.086,0,0,0,0,NA,NA,NA,18985.6,0.02,852.878,89.822,NA,NA,NA,NA,NA,NA,NA,NA,NA,142064,"Mckowals",39.975414,-105.155525,"inside","PMS5003+PMS5003+BME280"
"2021-12-31 06:20:00 -0700",0,0,0,836,-58,75,22,0,11.712,2.872,0.53,0,0,0,0,0,NA,NA,NA,18952,0.02,852.95,89.1,NA,NA,NA,NA,NA,NA,NA,NA,NA,142064,"Mckowals",39.975414,-105.155525,"inside","PMS5003+PMS5003+BME280"
"2021-12-31 06:30:00 -0700",0,0,0,846,-58.4,75,22,0,4.97,1.436,0.41,0,0,0,0,0,NA,NA,NA,18918.4,0.02,853.036,87.452,NA,NA,NA,NA,NA,NA,NA,NA,NA,142064,"Mckowals",39.975414,-105.155525,"inside","PMS5003+PMS5003+BME280"
"2021-12-31 06:40:00 -0700",0,0,0,856,-58.6,75,22,0,7.534,2.002,0.258,0.088,0,0,0,0,NA,NA,NA,18952,0.02,852.938,88.264,NA,NA,NA,NA,NA,NA,NA,NA,NA,142064,"Mckowals",39.975414,-105.155525,"inside","PMS5003+PMS5003+BME280"
"2021-12-31 06:50:00 -0700",0,0,0,866,-57.6,75,22,0,6.436,1.678,0,0,0,0,0,0,NA,NA,NA,18985.6,0.02,852.876,88.252,NA,NA,NA,NA,NA,NA,NA,NA,NA,142064,"Mckowals",39.975414,-105.155525,"inside","PMS5003+PMS5003+BME280"
"2021-12-31 07:00:00 -0700",0,0,0,876,-59.2,75,22,0,6.314,2.006,0.728,0.086,0,0,0,0,NA,NA,NA,18952,0.02,852.954,85.502,NA,NA,NA,NA,NA,NA,NA,NA,NA,142064,"Mckowals",39.975414,-105.155525,"inside","PMS5003+PMS5003+BME280"
"2021-12-31 07:10:00 -0700",0,0,0,886,-57.2,75,22,0,7.04,2.104,0.512,0,0,0,0,0,NA,NA,NA,18952,0.02,853.036,84.83,NA,NA,NA,NA,NA,NA,NA,NA,NA,142064,"Mckowals",39.975414,-105.155525,"inside","PMS5003+PMS5003+BME280"
"2021-12-31 07:20:00 -0700",0,0,0,896,-59,75,22,0,4.78,1.03,0.084,0,0,0,0,0,NA,NA,NA,18952,0.02,853.084,84.31,NA,NA,NA,NA,NA,NA,NA,NA,NA,142064,"Mckowals",39.975414,-105.155525,"inside","PMS5003+PMS5003+BME280"
"2021-12-31 07:30:00 -0700",0,0,0,906,-59.8,75,22,0,6.88,1.84,0.33,0.086,0,0,0,0,NA,NA,NA,18952,0.02,853.212,83.76,NA,NA,NA,NA,NA,NA,NA,NA,NA,142064,"Mckowals",39.975414,-105.155525,"inside","PMS5003+PMS5003+BME280"
"2021-12-31 07:40:00 -0700",0,0,0,916,-58.6,75,22,0,6.752,1.974,0.356,0.086,0,0,0,0,NA,NA,NA,19019.2,0.02,853.262,82.622,NA,NA,NA,NA,NA,NA,NA,NA,NA,142064,"Mckowals",39.975414,-105.155525,"inside","PMS5003+PMS5003+BME280"
"2021-12-31 07:50:00 -0700",0,0,0,926,-57.4,75,22,0,10.01,2.866,0.73,0,0,0,0,0,NA,NA,NA,18952,0.02,853.246,82.444,NA,NA,NA,NA,NA,NA,NA,NA,NA,142064,"Mckowals",39.975414,-105.155525,"inside","PMS5003+PMS5003+BME280"
"2021-12-31 08:00:00 -0700",0,0,0,936,-58.6,74.6,22,0,16.3,4.492,0.766,0.172,0,0,0,0,NA,NA,NA,19052.8,0.02,853.274,78.506,NA,NA,NA,NA,NA,NA,NA,NA,NA,142064,"Mckowals",39.975414,-105.155525,"inside","PMS5003+PMS5003+BME280"
"2021-12-31 08:10:00 -0700",0,0,0.062,946,-59.4,74,22,0,19.808,4.804,1.078,0.382,0.124,0,0,0.062,NA,NA,NA,18952,0.02,853.326,75.762,NA,NA,NA,NA,NA,NA,NA,NA,NA,142064,"Mckowals",39.975414,-105.155525,"inside","PMS5003+PMS5003+BME280"
"2021-12-31 08:20:00 -0700",0,0,0.022,956,-57.8,74.6,22,0,12.738,3.474,0.562,0.046,0.046,0,0,0.022,NA,NA,NA,19019.2,0.02,853.38,73.998,NA,NA,NA,NA,NA,NA,NA,NA,NA,142064,"Mckowals",39.975414,-105.155525,"inside","PMS5003+PMS5003+BME280"
"2021-12-31 08:30:00 -0700",0,0,0,966,-56,75,22,0,29.544,7.696,0.69,0.088,0,0,0,0,NA,NA,NA,18952,0.02,853.364,71.03,NA,NA,NA,NA,NA,NA,NA,NA,NA,142064,"Mckowals",39.975414,-105.155525,"inside","PMS5003+PMS5003+BME280"
"2021-12-31 08:40:00 -0700",NA,NA,NA,NA,NA,NA,NA,NA,NA,NA,NA,NA,NA,NA,NA,NA,NA,NA,NA,NA,NA,NA,NA,NA,NA,NA,NA,NA,NA,NA,NA,NA,142064,"Mckowals",39.975414,-105.155525,"inside","PMS5003+PMS5003+BME280"
"2021-12-31 08:50:00 -0700",NA,NA,NA,NA,NA,NA,NA,NA,NA,NA,NA,NA,NA,NA,NA,NA,NA,NA,NA,NA,NA,NA,NA,NA,NA,NA,NA,NA,NA,NA,NA,NA,142064,"Mckowals",39.975414,-105.155525,"inside","PMS5003+PMS5003+BME280"
"2021-12-31 09:00:00 -0700",NA,NA,NA,NA,NA,NA,NA,NA,NA,NA,NA,NA,NA,NA,NA,NA,NA,NA,NA,NA,NA,NA,NA,NA,NA,NA,NA,NA,NA,NA,NA,NA,142064,"Mckowals",39.975414,-105.155525,"inside","PMS5003+PMS5003+BME280"
"2021-12-31 09:10:00 -0700",NA,NA,NA,NA,NA,NA,NA,NA,NA,NA,NA,NA,NA,NA,NA,NA,NA,NA,NA,NA,NA,NA,NA,NA,NA,NA,NA,NA,NA,NA,NA,NA,142064,"Mckowals",39.975414,-105.155525,"inside","PMS5003+PMS5003+BME280"
"2021-12-31 09:20:00 -0700",NA,NA,NA,NA,NA,NA,NA,NA,NA,NA,NA,NA,NA,NA,NA,NA,NA,NA,NA,NA,NA,NA,NA,NA,NA,NA,NA,NA,NA,NA,NA,NA,142064,"Mckowals",39.975414,-105.155525,"inside","PMS5003+PMS5003+BME280"
"2021-12-31 09:30:00 -0700",NA,NA,NA,NA,NA,NA,NA,NA,NA,NA,NA,NA,NA,NA,NA,NA,NA,NA,NA,NA,NA,NA,NA,NA,NA,NA,NA,NA,NA,NA,NA,NA,142064,"Mckowals",39.975414,-105.155525,"inside","PMS5003+PMS5003+BME280"
"2021-12-31 09:40:00 -0700",NA,NA,NA,NA,NA,NA,NA,NA,NA,NA,NA,NA,NA,NA,NA,NA,NA,NA,NA,NA,NA,NA,NA,NA,NA,NA,NA,NA,NA,NA,NA,NA,142064,"Mckowals",39.975414,-105.155525,"inside","PMS5003+PMS5003+BME280"
"2021-12-31 09:50:00 -0700",NA,NA,NA,NA,NA,NA,NA,NA,NA,NA,NA,NA,NA,NA,NA,NA,NA,NA,NA,NA,NA,NA,NA,NA,NA,NA,NA,NA,NA,NA,NA,NA,142064,"Mckowals",39.975414,-105.155525,"inside","PMS5003+PMS5003+BME280"
"2021-12-31 10:00:00 -0700",NA,NA,NA,NA,NA,NA,NA,NA,NA,NA,NA,NA,NA,NA,NA,NA,NA,NA,NA,NA,NA,NA,NA,NA,NA,NA,NA,NA,NA,NA,NA,NA,142064,"Mckowals",39.975414,-105.155525,"inside","PMS5003+PMS5003+BME280"
"2021-12-31 10:10:00 -0700",NA,NA,NA,NA,NA,NA,NA,NA,NA,NA,NA,NA,NA,NA,NA,NA,NA,NA,NA,NA,NA,NA,NA,NA,NA,NA,NA,NA,NA,NA,NA,NA,142064,"Mckowals",39.975414,-105.155525,"inside","PMS5003+PMS5003+BME280"
"2021-12-31 10:20:00 -0700",NA,NA,NA,NA,NA,NA,NA,NA,NA,NA,NA,NA,NA,NA,NA,NA,NA,NA,NA,NA,NA,NA,NA,NA,NA,NA,NA,NA,NA,NA,NA,NA,142064,"Mckowals",39.975414,-105.155525,"inside","PMS5003+PMS5003+BME280"
"2021-12-31 10:30:00 -0700",NA,NA,NA,NA,NA,NA,NA,NA,NA,NA,NA,NA,NA,NA,NA,NA,NA,NA,NA,NA,NA,NA,NA,NA,NA,NA,NA,NA,NA,NA,NA,NA,142064,"Mckowals",39.975414,-105.155525,"inside","PMS5003+PMS5003+BME280"
"2021-12-31 10:40:00 -0700",0,0,0,2,-54,67,28,0,20.34,4.58,1.21,0,0,0,0,0,NA,NA,NA,19120,NA,853.5,NA,NA,NA,NA,NA,NA,NA,NA,NA,NA,142064,"Mckowals",39.975414,-105.155525,"inside","PMS5003+PMS5003+BME280"
"2021-12-31 10:50:00 -0700",0,0,0.076,8,-56.2,70.8,27,0,35.86,9.634,1.624,0.428,0.172,0.086,0,0.076,NA,NA,NA,19120,0.02,853.436,11.41,NA,NA,NA,NA,NA,NA,NA,NA,NA,142064,"Mckowals",39.975414,-105.155525,"inside","PMS5003+PMS5003+BME280"
"2021-12-31 11:00:00 -0700",0,0,0,18,-55.6,74.6,25.4,0,24.726,6.398,1.196,0.086,0,0,0,0,NA,NA,NA,19120,0.02,853.428,0,NA,NA,NA,NA,NA,NA,NA,NA,NA,142064,"Mckowals",39.975414,-105.155525,"inside","PMS5003+PMS5003+BME280"
"2021-12-31 11:10:00 -0700",0,0,0,14,-53.25,77.25,24.25,0,35.492,9.988,1.29,0.252,0,0,0,0,NA,NA,NA,19078,0.015,853.378,6.25,NA,NA,NA,NA,NA,NA,NA,NA,NA,142064,"Mckowals",39.975414,-105.155525,"inside","PMS5003+PMS5003+BME280"
"2021-12-31 11:20:00 -0700",75.388,186.102,265.156,10,-52.6,79.6,23.6,123.916,12444.31,4274.974,1650.192,305.674,112.796,18.378,50.098,176.652,NA,NA,NA,18952,0.02,853.152,25.954,NA,NA,NA,NA,NA,NA,NA,NA,NA,142064,"Mckowals",39.975414,-105.155525,"inside","PMS5003+PMS5003+BME280"
"2021-12-31 11:30:00 -0700",234.986,506.362,675.25,20,-53.8,80.8,23,336.844,43312.874,12734.112,4192.276,691.312,242.232,32.472,155.926,449.42,NA,NA,NA,19052.8,0.02,852.91,26.752,NA,NA,NA,NA,NA,NA,NA,NA,NA,142064,"Mckowals",39.975414,-105.155525,"inside","PMS5003+PMS5003+BME280"
"2021-12-31 11:40:00 -0700",173.766,349.71,451.984,30,-53.8,82,23,232.378,31791.974,9230.084,2778.034,423.738,143.616,18.214,115.102,300.602,NA,NA,NA,19019.2,0.02,852.786,26.95,NA,NA,NA,NA,NA,NA,NA,NA,NA,142064,"Mckowals",39.975414,-105.155525,"inside","PMS5003+PMS5003+BME280"
"2021-12-31 11:50:00 -0700",117.922,228.302,284.9,40,-54.2,83,22.2,151.454,21681.716,6233.694,1754.566,247.586,79.574,10.112,77.834,189.15,NA,NA,NA,18952,0.02,852.766,26.214,NA,NA,NA,NA,NA,NA,NA,NA,NA,142064,"Mckowals",39.975414,-105.155525,"inside","PMS5003+PMS5003+BME280"
"2021-12-31 12:00:00 -0700",73.674,139.356,168.578,50,-53.2,83.4,22,92.134,13660.862,3895.562,1034.924,134.886,40.49,5.456,48.506,112.132,NA,NA,NA,18952,0.02,852.806,25.53,NA,NA,NA,NA,NA,NA,NA,NA,NA,142064,"Mckowals",39.975414,-105.155525,"inside","PMS5003+PMS5003+BME280"
"2021-12-31 12:10:00 -0700",24.74,46.91,55.454,60,-53.8,84,22,38.102,4780.42,1353.358,344.928,38.882,12.306,1.624,21.582,48.82,NA,NA,NA,18952,0.02,852.662,25.926,NA,NA,NA,NA,NA,NA,NA,NA,NA,142064,"Mckowals",39.975414,-105.155525,"inside","PMS5003+PMS5003+BME280"
"2021-12-31 12:20:00 -0700",6.166,11.252,13.206,70,-52.8,84,22,11.252,1350.594,380.002,86.882,8.208,2.874,0.06,6.166,13.206,NA,NA,NA,18952,0.02,852.514,25.562,NA,NA,NA,NA,NA,NA,NA,NA,NA,142064,"Mckowals",39.975414,-105.155525,"inside","PMS5003+PMS5003+BME280"
"2021-12-31 12:30:00 -0700",1.3,2.464,3.058,80,-52.4,84,22,2.464,438.452,122.146,23.106,2.398,0.604,0,1.3,3.058,NA,NA,NA,19019.2,0.02,852.384,26.01,NA,NA,NA,NA,NA,NA,NA,NA,NA,142064,"Mckowals",39.975414,-105.155525,"inside","PMS5003+PMS5003+BME280"
"2021-12-31 12:40:00 -0700",0.26,0.8,1.035,87,-54.5,84,22,0.8,246.785,67.285,11.44,1.105,0.425,0,0.26,1.035,NA,NA,NA,18952,0.02,852.235,25.48,NA,NA,NA,NA,NA,NA,NA,NA,NA,142064,"Mckowals",39.975414,-105.155525,"inside","PMS5003+PMS5003+BME280"
"2021-12-31 12:50:00 -0700",0.207,0.377,0.467,4,-59.333,77.667,24.667,0.377,322.72,65.147,4.81,0.457,0.14,0,0.207,0.467,NA,NA,NA,19176,0.013,852.35,16.667,NA,NA,NA,NA,NA,NA,NA,NA,NA,142064,"Mckowals",39.975414,-105.155525,"inside","PMS5003+PMS5003+BME280"
"2021-12-31 13:00:00 -0700",8.518,82.248,151.01,12,-55.8,79,24.4,54.934,1161.718,1077.762,818.692,288.006,96.206,12.782,5.716,100.826,NA,NA,NA,19086.4,0.02,852.346,15.434,NA,NA,NA,NA,NA,NA,NA,NA,NA,142064,"Mckowals",39.975414,-105.155525,"inside","PMS5003+PMS5003+BME280"
"2021-12-31 13:10:00 -0700",0,0.06,0.14,18,-58,80,23,0.06,170.76,34.61,5.06,0.43,0,0,0,0.14,NA,NA,NA,19120,0.02,852.4,14.35,NA,NA,NA,NA,NA,NA,NA,NA,NA,142064,"Mckowals",39.975414,-105.155525,"inside","PMS5003+PMS5003+BME280"
"2022-01-03 10:10:00 -0700",0.49,1.1,1.36,2,-60,70,22,1.1,336.86,81.66,12.6,1.66,0.51,0,0.49,1.36,NA,NA,NA,19120,NA,869.49,NA,NA,NA,NA,NA,NA,NA,NA,NA,NA,142064,"Mckowals",39.975414,-105.155525,"inside","PMS5003+PMS5003+BME280"
"2022-01-10 15:50:00 -0700",1.31,1.97,1.97,18,-54,80,27,1.97,653.32,157.38,6.3,0.52,0,0,1.31,1.97,NA,NA,NA,16664,0.02,840.81,32.74,NA,NA,NA,NA,NA,NA,NA,NA,NA,142064,"Mckowals",39.975414,-105.155525,"inside","PMS5003+PMS5003+BME280"
"2022-01-10 16:00:00 -0700",0.618,0.67,0.762,24,-54.6,80,27,0.67,417.652,95.762,1.464,0.258,0.172,0,0.618,0.762,NA,NA,NA,16708.8,0.02,841.33,25.786,NA,NA,NA,NA,NA,NA,NA,NA,NA,142064,"Mckowals",39.975414,-105.155525,"inside","PMS5003+PMS5003+BME280"
"2022-01-10 16:10:00 -0700",0.384,0.504,0.776,34,-55.2,79.8,27,0.504,279.354,68.35,2.582,0.778,0.346,0.172,0.384,0.776,NA,NA,NA,17804.8,0.02,841.164,23.848,NA,NA,NA,NA,NA,NA,NA,NA,NA,142064,"Mckowals",39.975414,-105.155525,"inside","PMS5003+PMS5003+BME280"
"2022-01-10 16:20:00 -0700",0,0.044,0.152,44,-53.2,80,27,0.044,146.176,35.206,2.344,0.522,0.258,0.086,0,0.152,NA,NA,NA,18560,0.02,841.064,19.758,NA,NA,NA,NA,NA,NA,NA,NA,NA,142064,"Mckowals",39.975414,-105.155525,"inside","PMS5003+PMS5003+BME280"
"2022-01-10 16:30:00 -0700",0,0.026,0.048,54,-53,80,26.8,0.026,141.292,33.046,1.636,0.336,0.084,0,0,0.048,NA,NA,NA,18560,0.02,840.982,16.048,NA,NA,NA,NA,NA,NA,NA,NA,NA,142064,"Mckowals",39.975414,-105.155525,"inside","PMS5003+PMS5003+BME280"
"2022-01-10 16:40:00 -0700",0,0.008,0.052,64,-55,80,26.8,0.008,140.87,33.242,1.888,0.172,0.086,0,0,0.052,NA,NA,NA,18593.6,0.02,840.936,13.242,NA,NA,NA,NA,NA,NA,NA,NA,NA,142064,"Mckowals",39.975414,-105.155525,"inside","PMS5003+PMS5003+BME280"
"2022-01-10 16:50:00 -0700",0,0.02,0.15,74,-55.2,80,26.2,0.02,144.24,34.612,3.004,0.258,0.258,0,0,0.15,NA,NA,NA,18560,0.02,840.876,10.102,NA,NA,NA,NA,NA,NA,NA,NA,NA,142064,"Mckowals",39.975414,-105.155525,"inside","PMS5003+PMS5003+BME280"
"2022-01-10 17:00:00 -0700",0.006,0.01,0.054,84,-56.6,80,26,0.01,150.962,33.098,1.692,0.238,0.086,0,0.006,0.054,NA,NA,NA,18560,0.02,840.756,7.574,NA,NA,NA,NA,NA,NA,NA,NA,NA,142064,"Mckowals",39.975414,-105.155525,"inside","PMS5003+PMS5003+BME280"
"2022-01-10 17:10:00 -0700",0,0,0.008,94,-57.2,80,26,0,146.304,32.874,1.466,0.024,0,0,0,0.008,NA,NA,NA,18593.6,0.02,840.684,7.286,NA,NA,NA,NA,NA,NA,NA,NA,NA,142064,"Mckowals",39.975414,-105.155525,"inside","PMS5003+PMS5003+BME280"
"2022-01-10 17:20:00 -0700",0.012,0.102,0.168,104,-57,80,26,0.102,169.346,40.154,2.79,0.428,0,0,0.012,0.168,NA,NA,NA,18593.6,0.02,840.612,6,NA,NA,NA,NA,NA,NA,NA,NA,NA,142064,"Mckowals",39.975414,-105.155525,"inside","PMS5003+PMS5003+BME280"
"2022-01-10 17:30:00 -0700",0.008,0.128,0.188,114,-53.2,80,26,0.128,162.922,37.44,2.944,0.548,0.086,0,0.008,0.188,NA,NA,NA,18560,0.02,840.502,6.284,NA,NA,NA,NA,NA,NA,NA,NA,NA,142064,"Mckowals",39.975414,-105.155525,"inside","PMS5003+PMS5003+BME280"
"2022-01-10 17:40:00 -0700",0.036,0.094,0.208,124,-53.4,80,26,0.094,170.374,40.356,3.098,0.518,0.258,0,0.036,0.208,NA,NA,NA,18526.4,0.02,840.426,6.964,NA,NA,NA,NA,NA,NA,NA,NA,NA,142064,"Mckowals",39.975414,-105.155525,"inside","PMS5003+PMS5003+BME280"
"2022-01-10 17:50:00 -0700",0.092,0.366,0.434,134,-54.2,79.8,25.2,0.366,218.812,56.694,4.784,0.772,0.086,0,0.092,0.434,NA,NA,NA,18560,0.02,840.362,8.678,NA,NA,NA,NA,NA,NA,NA,NA,NA,142064,"Mckowals",39.975414,-105.155525,"inside","PMS5003+PMS5003+BME280"
"2022-01-10 18:00:00 -0700",0.056,0.298,0.348,144,-55.2,79,26,0.298,227.426,54.032,4.83,0.56,0.088,0,0.056,0.348,NA,NA,NA,18560,0.02,840.34,13.034,NA,NA,NA,NA,NA,NA,NA,NA,NA,142064,"Mckowals",39.975414,-105.155525,"inside","PMS5003+PMS5003+BME280"
"2022-01-10 18:10:00 -0700",0.034,0.062,0.192,154,-54.4,79,26,0.062,173.532,37.478,3.786,0.476,0.172,0,0.034,0.192,NA,NA,NA,18593.6,0.02,840.228,13.638,NA,NA,NA,NA,NA,NA,NA,NA,NA,142064,"Mckowals",39.975414,-105.155525,"inside","PMS5003+PMS5003+BME280"
"2022-01-10 18:20:00 -0700",0.05,0.216,0.294,164,-56.4,79,27,0.216,202.126,52.032,4.498,0.4,0.174,0,0.05,0.294,NA,NA,NA,18560,0.02,840.146,14.282,NA,NA,NA,NA,NA,NA,NA,NA,NA,142064,"Mckowals",39.975414,-105.155525,"inside","PMS5003+PMS5003+BME280"
"2022-01-10 18:30:00 -0700",0.012,0.124,0.124,174,-55.2,79,27,0.124,170.006,38.976,3.266,0.546,0,0,0.012,0.124,NA,NA,NA,18660.8,0.02,840.092,13.816,NA,NA,NA,NA,NA,NA,NA,NA,NA,142064,"Mckowals",39.975414,-105.155525,"inside","PMS5003+PMS5003+BME280"
"2022-01-10 18:40:00 -0700",0.024,0.07,0.172,184,-53,79,27,0.07,197.928,45.428,2.976,0.422,0.166,0,0.024,0.172,NA,NA,NA,18593.6,0.02,840.04,13.562,NA,NA,NA,NA,NA,NA,NA,NA,NA,142064,"Mckowals",39.975414,-105.155525,"inside","PMS5003+PMS5003+BME280"
"2022-01-10 18:50:00 -0700",0.038,0.144,0.29,194,-54,79,27,0.144,184.112,42.526,3.772,0.6,0.258,0.086,0.038,0.29,NA,NA,NA,18593.6,0.02,839.978,12.25,NA,NA,NA,NA,NA,NA,NA,NA,NA,142064,"Mckowals",39.975414,-105.155525,"inside","PMS5003+PMS5003+BME280"
"2022-01-10 19:00:00 -0700",0.012,0.128,0.308,204,-49.2,79.6,27.6,0.128,196.186,46.77,4.968,0.644,0.3,0,0.012,0.308,NA,NA,NA,18526.4,0.02,839.898,6.9,NA,NA,NA,NA,NA,NA,NA,NA,NA,142064,"Mckowals",39.975414,-105.155525,"inside","PMS5003+PMS5003+BME280"
"2022-01-10 19:10:00 -0700",0.008,0.024,0.148,214,-49.8,80.2,26.4,0.024,158.222,32.026,1.99,0.642,0.3,0.086,0.008,0.148,NA,NA,NA,18392,0.02,839.768,12.834,NA,NA,NA,NA,NA,NA,NA,NA,NA,142064,"Mckowals",39.975414,-105.155525,"inside","PMS5003+PMS5003+BME280"
"2022-01-10 19:20:00 -0700",0,0,0.078,224,-49.4,80,27,0,171.152,33.448,1.706,0.082,0.082,0.082,0,0.078,NA,NA,NA,18392,0.02,839.708,19.784,NA,NA,NA,NA,NA,NA,NA,NA,NA,142064,"Mckowals",39.975414,-105.155525,"inside","PMS5003+PMS5003+BME280"
"2022-01-10 19:30:00 -0700",0,0,0.032,234,-49.8,80,27,0,165.964,32.532,1.494,0.254,0.084,0,0,0.032,NA,NA,NA,18392,0.02,839.62,16.068,NA,NA,NA,NA,NA,NA,NA,NA,NA,142064,"Mckowals",39.975414,-105.155525,"inside","PMS5003+PMS5003+BME280"
"2022-01-10 19:40:00 -0700",0,0.004,0.124,244,-48.2,80,26.6,0.004,136.586,28.278,2.308,0.43,0.258,0,0,0.124,NA,NA,NA,18392,0.02,839.534,13.39,NA,NA,NA,NA,NA,NA,NA,NA,NA,142064,"Mckowals",39.975414,-105.155525,"inside","PMS5003+PMS5003+BME280"
"2022-01-10 19:50:00 -0700",0,0.004,0.038,254,-52.4,80,26,0.004,140.522,25.46,1.692,0.258,0,0,0,0.038,NA,NA,NA,18425.6,0.02,839.51,11.91,NA,NA,NA,NA,NA,NA,NA,NA,NA,142064,"Mckowals",39.975414,-105.155525,"inside","PMS5003+PMS5003+BME280"
"2022-01-10 20:00:00 -0700",0,0,0,264,-48.2,80,26.6,0,130.502,26.96,1.222,0.086,0,0,0,0,NA,NA,NA,18358.4,0.02,839.516,27.016,NA,NA,NA,NA,NA,NA,NA,NA,NA,142064,"Mckowals",39.975414,-105.155525,"inside","PMS5003+PMS5003+BME280"
"2022-01-10 20:10:00 -0700",0,0,0,274,-48,80.8,26,0,125.08,20.474,1.086,0,0,0,0,0,NA,NA,NA,18392,0.02,839.456,19.192,NA,NA,NA,NA,NA,NA,NA,NA,NA,142064,"Mckowals",39.975414,-105.155525,"inside","PMS5003+PMS5003+BME280"
"2022-01-10 20:20:00 -0700",0,0.012,0.056,284,-48,81,26,0.012,116.928,21.168,1.406,0.172,0.086,0,0,0.056,NA,NA,NA,18425.6,0.02,839.482,14.75,NA,NA,NA,NA,NA,NA,NA,NA,NA,142064,"Mckowals",39.975414,-105.155525,"inside","PMS5003+PMS5003+BME280"
"2022-01-10 20:30:00 -0700",0.012,0.012,0.092,294,-46.2,81,26,0.012,118.146,23.308,0.724,0.172,0.172,0,0.012,0.092,NA,NA,NA,18425.6,0.02,839.456,13.646,NA,NA,NA,NA,NA,NA,NA,NA,NA,142064,"Mckowals",39.975414,-105.155525,"inside","PMS5003+PMS5003+BME280"
"2022-01-10 20:40:00 -0700",0,0,0,304,-45.2,81,26,0,126.236,20.73,0.664,0,0,0,0,0,NA,NA,NA,18392,0.02,839.474,17.818,NA,NA,NA,NA,NA,NA,NA,NA,NA,142064,"Mckowals",39.975414,-105.155525,"inside","PMS5003+PMS5003+BME280"
"2022-01-10 20:50:00 -0700",0,0,0,314,-47,81,26,0,125.134,21.926,0.934,0,0,0,0,0,NA,NA,NA,18369.6,0.02,839.402,14.814,NA,NA,NA,NA,NA,NA,NA,NA,NA,142064,"Mckowals",39.975414,-105.155525,"inside","PMS5003+PMS5003+BME280"
"2022-01-10 21:00:00 -0700",0,0,0.03,324,-47,80.8,26,0,136.214,26.41,0.858,0.086,0.086,0,0,0.03,NA,NA,NA,18425.6,0.02,839.402,15.292,NA,NA,NA,NA,NA,NA,NA,NA,NA,142064,"Mckowals",39.975414,-105.155525,"inside","PMS5003+PMS5003+BME280"
"2022-01-10 21:10:00 -0700",0,0.018,0.018,334,-48.2,80,26,0.018,131.794,26.782,1.03,0.172,0,0,0,0.018,NA,NA,NA,18425.6,0.02,839.348,20.196,NA,NA,NA,NA,NA,NA,NA,NA,NA,142064,"Mckowals",39.975414,-105.155525,"inside","PMS5003+PMS5003+BME280"
"2022-01-10 21:20:00 -0700",0,0,0,344,-44.8,80,26,0,124.506,23.712,0.686,0.084,0,0,0,0,NA,NA,NA,18392,0.02,839.32,18.85,NA,NA,NA,NA,NA,NA,NA,NA,NA,142064,"Mckowals",39.975414,-105.155525,"inside","PMS5003+PMS5003+BME280"
"2022-01-10 21:30:00 -0700",0,0,0,354,-47.8,80,26,0,142.394,29.206,0.686,0,0,0,0,0,NA,NA,NA,18369.6,0.02,839.18,20.804,NA,NA,NA,NA,NA,NA,NA,NA,NA,142064,"Mckowals",39.975414,-105.155525,"inside","PMS5003+PMS5003+BME280"
"2022-01-10 21:40:00 -0700",0,0,0,364,-45.4,80,26,0,124.354,22.386,0.856,0.086,0,0,0,0,NA,NA,NA,18392,0.02,839.09,19.73,NA,NA,NA,NA,NA,NA,NA,NA,NA,142064,"Mckowals",39.975414,-105.155525,"inside","PMS5003+PMS5003+BME280"
"2022-01-10 21:50:00 -0700",0,0,0.008,374,-46,80,26,0,147.218,27.904,1.006,0.086,0,0,0,0.008,NA,NA,NA,18392,0.02,839.078,17.264,NA,NA,NA,NA,NA,NA,NA,NA,NA,142064,"Mckowals",39.975414,-105.155525,"inside","PMS5003+PMS5003+BME280"
"2022-01-10 22:00:00 -0700",0,0,0.004,384,-45.8,80,26,0,130.462,27.366,1.05,0.086,0,0,0,0.004,NA,NA,NA,18392,0.02,838.974,14.148,NA,NA,NA,NA,NA,NA,NA,NA,NA,142064,"Mckowals",39.975414,-105.155525,"inside","PMS5003+PMS5003+BME280"
"2022-01-10 22:10:00 -0700",0,0,0.008,394,-48,80,26,0,127.84,26.642,1.022,0.086,0,0,0,0.008,NA,NA,NA,18392,0.02,838.91,11.536,NA,NA,NA,NA,NA,NA,NA,NA,NA,142064,"Mckowals",39.975414,-105.155525,"inside","PMS5003+PMS5003+BME280"
"2022-01-10 22:20:00 -0700",0,0,0.04,404,-48.2,79.2,26,0,140.678,26.912,0.95,0.086,0.086,0,0,0.04,NA,NA,NA,18459.2,0.02,838.798,9.444,NA,NA,NA,NA,NA,NA,NA,NA,NA,142064,"Mckowals",39.975414,-105.155525,"inside","PMS5003+PMS5003+BME280"
"2022-01-10 22:30:00 -0700",0,0.034,0.034,414,-47.6,79,26,0.034,135.162,27.74,1.244,0.172,0,0,0,0.034,NA,NA,NA,18392,0.02,838.676,5.748,NA,NA,NA,NA,NA,NA,NA,NA,NA,142064,"Mckowals",39.975414,-105.155525,"inside","PMS5003+PMS5003+BME280"
"2022-01-10 22:40:00 -0700",0,0,0.038,424,-48.4,79,26,0,133.518,25.492,1.318,0.086,0.086,0,0,0.038,NA,NA,NA,18392,0.02,838.656,4.53,NA,NA,NA,NA,NA,NA,NA,NA,NA,142064,"Mckowals",39.975414,-105.155525,"inside","PMS5003+PMS5003+BME280"
"2022-01-10 22:50:00 -0700",0,0.022,0.064,434,-46,78,26,0.022,131.696,28.578,1.554,0.17,0,0,0,0.064,NA,NA,NA,18425.6,0.02,838.486,5.582,NA,NA,NA,NA,NA,NA,NA,NA,NA,142064,"Mckowals",39.975414,-105.155525,"inside","PMS5003+PMS5003+BME280"
"2022-01-10 23:00:00 -0700",0,0,0,444,-47.8,78,26,0,136.238,29.032,0.76,0.086,0,0,0,0,NA,NA,NA,18425.6,0.02,838.372,5.696,NA,NA,NA,NA,NA,NA,NA,NA,NA,142064,"Mckowals",39.975414,-105.155525,"inside","PMS5003+PMS5003+BME280"
"2022-01-10 23:10:00 -0700",0,0,0,454,-46.8,78,26,0,141.01,28.278,1.418,0,0,0,0,0,NA,NA,NA,18425.6,0.02,838.31,5.558,NA,NA,NA,NA,NA,NA,NA,NA,NA,142064,"Mckowals",39.975414,-105.155525,"inside","PMS5003+PMS5003+BME280"
"2022-01-10 23:20:00 -0700",0,0,0.044,464,-45.8,78,26,0,147.494,29.286,1.026,0.086,0.086,0,0,0.044,NA,NA,NA,18392,0.02,838.224,5.882,NA,NA,NA,NA,NA,NA,NA,NA,NA,142064,"Mckowals",39.975414,-105.155525,"inside","PMS5003+PMS5003+BME280"
"2022-01-10 23:30:00 -0700",0,0,0,474,-46.6,77.8,26,0,148.33,29.852,1.13,0.086,0,0,0,0,NA,NA,NA,18425.6,0.02,838.124,6.58,NA,NA,NA,NA,NA,NA,NA,NA,NA,142064,"Mckowals",39.975414,-105.155525,"inside","PMS5003+PMS5003+BME280"
"2022-01-10 23:40:00 -0700",0,0.008,0.008,484,-46.6,77,26,0.008,156.728,33.424,1.512,0.086,0,0,0,0.008,NA,NA,NA,18392,0.02,838.036,7.22,NA,NA,NA,NA,NA,NA,NA,NA,NA,142064,"Mckowals",39.975414,-105.155525,"inside","PMS5003+PMS5003+BME280"
"2022-01-10 23:50:00 -0700",0.008,0.018,0.07,494,-46.6,77,26,0.018,159.914,32.998,1.596,0.172,0.086,0,0.008,0.07,NA,NA,NA,18392,0.02,838.012,8.014,NA,NA,NA,NA,NA,NA,NA,NA,NA,142064,"Mckowals",39.975414,-105.155525,"inside","PMS5003+PMS5003+BME280"
