<?xml version="1.0" encoding="UTF-8"?><MD_Metadata xmlns:gts="http://www.isotc211.org/2005/gts" xmlns:gco="http://www.isotc211.org/2005/gco" xmlns:xalan="http://xml.apache.org/xalan" xmlns:srv="http://www.isotc211.org/2005/srv" xmlns:gmx="http://www.isotc211.org/2005/gmx" xmlns:xlink="http://www.w3.org/1999/xlink" xmlns:xsi="http://www.w3.org/2001/XMLSchema-instance" xmlns:gml="http://www.opengis.net/gml" xmlns="http://www.isotc211.org/2005/gmd">
    <fileIdentifier>
        <gco:CharacterString>1457735931506r12085233281181229</gco:CharacterString>
    </fileIdentifier>
    <language>
        <LanguageCode codeList="http://www.loc.gov/standards/iso639-2/php/code_list.php" codeListValue="eng" codeSpace="ISO639-2">eng</LanguageCode>
    </language>
    <characterSet>
        <MD_CharacterSetCode codeList="http://www.isotc211.org/2005/resources/Codelist/gmxCodelists.xml#MD_CharacterSetCode" codeListValue="utf8" codeSpace="ISOTC211/19115">utf8</MD_CharacterSetCode>
    </characterSet>
    <hierarchyLevel>
        <MD_ScopeCode codeList="http://www.isotc211.org/2005/resources/Codelist/gmxCodelists.xml#MD_ScopeCode" codeListValue="dataset" codeSpace="ISOTC211/19115">dataset</MD_ScopeCode>
    </hierarchyLevel>
    <hierarchyLevelName>
        <gco:CharacterString>dataset</gco:CharacterString>
    </hierarchyLevelName>
    <contact>
        <CI_ResponsibleParty>
            <organisationName>
                <gco:CharacterString>Bouder County Land Use</gco:CharacterString>
            </organisationName>
            <contactInfo>
                <CI_Contact>
                    <phone>
                        <CI_Telephone>
                            <voice>
                                <gco:CharacterString>303-441-3930</gco:CharacterString>
                            </voice>
                        </CI_Telephone>
                    </phone>
                    <address>
                        <CI_Address>
                            <deliveryPoint>
                                <gco:CharacterString>2045 13th St.</gco:CharacterString>
                            </deliveryPoint>
                            <city>
                                <gco:CharacterString>Boulder</gco:CharacterString>
                            </city>
                            <administrativeArea>
                                <gco:CharacterString>CO</gco:CharacterString>
                            </administrativeArea>
                            <postalCode>
                                <gco:CharacterString>80302</gco:CharacterString>
                            </postalCode>
                            <electronicMailAddress>
                                <gco:CharacterString>planner@bouldercounty.org</gco:CharacterString>
                            </electronicMailAddress>
                        </CI_Address>
                    </address>
                </CI_Contact>
            </contactInfo>
            <role>
                <CI_RoleCode codeList="http://www.isotc211.org/2005/resources/Codelist/gmxCodelists.xml#CI_RoleCode" codeListValue="custodian" codeSpace="ISOTC211/19115">custodian</CI_RoleCode>
            </role>
        </CI_ResponsibleParty>
    </contact>
    <dateStamp>
        <gco:Date>2016-03-11</gco:Date>
    </dateStamp>
    <metadataStandardName>
        <gco:CharacterString>ISO 19139 Geographic Information - Metadata - Implementation Specification</gco:CharacterString>
    </metadataStandardName>
    <metadataStandardVersion>
        <gco:CharacterString>2007</gco:CharacterString>
    </metadataStandardVersion>
    <spatialRepresentationInfo>
        <MD_VectorSpatialRepresentation>
            <topologyLevel>
                <MD_TopologyLevelCode codeList="http://www.isotc211.org/2005/resources/Codelist/gmxCodelists.xml#MD_TopologyLevelCode" codeListValue="geometryOnly" codeSpace="ISOTC211/19115">geometryOnly</MD_TopologyLevelCode>
            </topologyLevel>
            <geometricObjects>
                <MD_GeometricObjects>
                    <geometricObjectType>
                        <MD_GeometricObjectTypeCode codeList="http://www.isotc211.org/2005/resources/Codelist/gmxCodelists.xml#MD_GeometricObjectTypeCode" codeListValue="composite" codeSpace="ISOTC211/19115">composite</MD_GeometricObjectTypeCode>
                    </geometricObjectType>
                    <geometricObjectCount>
                        <gco:Integer>295</gco:Integer>
                    </geometricObjectCount>
                </MD_GeometricObjects>
            </geometricObjects>
        </MD_VectorSpatialRepresentation>
    </spatialRepresentationInfo>
    <referenceSystemInfo>
        <MD_ReferenceSystem>
            <referenceSystemIdentifier>
                <RS_Identifier>
                    <code>
                        <gco:CharacterString>0</gco:CharacterString>
                    </code>
                </RS_Identifier>
            </referenceSystemIdentifier>
        </MD_ReferenceSystem>
    </referenceSystemInfo>
    <identificationInfo>
        <MD_DataIdentification>
            <citation>
                <CI_Citation>
                    <title>
                        <gco:CharacterString>Boulder County Municipal Boundaries</gco:CharacterString>
                    </title>
                    <date gco:nilReason="missing"/>
                    <citedResponsibleParty>
                        <CI_ResponsibleParty>
                            <organisationName>
                                <gco:CharacterString>Bouder County Land Use</gco:CharacterString>
                            </organisationName>
                            <contactInfo>
                                <CI_Contact>
                                    <phone>
                                        <CI_Telephone>
                                            <voice>
                                                <gco:CharacterString>303-441-3930</gco:CharacterString>
                                            </voice>
                                        </CI_Telephone>
                                    </phone>
                                    <address>
                                        <CI_Address>
                                            <deliveryPoint>
                                                <gco:CharacterString>2045 13th St.</gco:CharacterString>
                                            </deliveryPoint>
                                            <city>
                                                <gco:CharacterString>Boulder</gco:CharacterString>
                                            </city>
                                            <administrativeArea>
                                                <gco:CharacterString>CO</gco:CharacterString>
                                            </administrativeArea>
                                            <postalCode>
                                                <gco:CharacterString>80302</gco:CharacterString>
                                            </postalCode>
                                            <electronicMailAddress>
                                                <gco:CharacterString>planner@bouldercounty.org</gco:CharacterString>
                                            </electronicMailAddress>
                                        </CI_Address>
                                    </address>
                                </CI_Contact>
                            </contactInfo>
                            <role>
                                <CI_RoleCode codeList="http://www.isotc211.org/2005/resources/Codelist/gmxCodelists.xml#CI_RoleCode" codeListValue="custodian" codeSpace="ISOTC211/19115">custodian</CI_RoleCode>
                            </role>
                        </CI_ResponsibleParty>
                    </citedResponsibleParty>
                    <presentationForm>
                        <CI_PresentationFormCode codeList="http://www.isotc211.org/2005/resources/Codelist/gmxCodelists.xml#CI_PresentationFormCode" codeListValue="mapDigital" codeSpace="ISOTC211/19115">mapDigital</CI_PresentationFormCode>
                    </presentationForm>
                </CI_Citation>
            </citation>
            <abstract>
                <gco:CharacterString>Municipal boundaries drawn from recorded annexation documents</gco:CharacterString>
            </abstract>
            <purpose>
                <gco:CharacterString>Municipal boundaries drawn from recorded annexation documents</gco:CharacterString>
            </purpose>
            <credit>
                <gco:CharacterString>Boulder County Land Use Department</gco:CharacterString>
            </credit>
            <pointOfContact>
                <CI_ResponsibleParty>
                    <organisationName>
                        <gco:CharacterString>Boulder County Land Use Department</gco:CharacterString>
                    </organisationName>
                    <contactInfo>
                        <CI_Contact>
                            <phone>
                                <CI_Telephone>
                                    <voice>
                                        <gco:CharacterString>303-441-3930</gco:CharacterString>
                                    </voice>
                                </CI_Telephone>
                            </phone>
                            <address>
                                <CI_Address>
                                    <deliveryPoint>
                                        <gco:CharacterString>2045 13th Street, PO Box 471</gco:CharacterString>
                                    </deliveryPoint>
                                    <city>
                                        <gco:CharacterString>Boulder</gco:CharacterString>
                                    </city>
                                    <administrativeArea>
                                        <gco:CharacterString>CO</gco:CharacterString>
                                    </administrativeArea>
                                    <postalCode>
                                        <gco:CharacterString>80503</gco:CharacterString>
                                    </postalCode>
                                    <electronicMailAddress>
                                        <gco:CharacterString>planner@bouldercounty.org</gco:CharacterString>
                                    </electronicMailAddress>
                                </CI_Address>
                            </address>
                            <onlineResource>
                                <CI_OnlineResource>
                                    <linkage>
                                        <URL>www.bouldercounty.org</URL>
                                    </linkage>
                                </CI_OnlineResource>
                            </onlineResource>
                        </CI_Contact>
                    </contactInfo>
                    <role>
                        <CI_RoleCode codeList="http://www.isotc211.org/2005/resources/Codelist/gmxCodelists.xml#CI_RoleCode" codeListValue="custodian" codeSpace="ISOTC211/19115">custodian</CI_RoleCode>
                    </role>
                </CI_ResponsibleParty>
            </pointOfContact>
            <descriptiveKeywords>
                <MD_Keywords>
                    <keyword>
                        <gco:CharacterString>Downloadable Data</gco:CharacterString>
                    </keyword>
                    <thesaurusName uuidref="723f6998-058e-11dc-8314-0800200c9a66"/>
                </MD_Keywords>
            </descriptiveKeywords>
            <descriptiveKeywords>
                <MD_Keywords>
                    <keyword>
                        <gco:CharacterString>Planning and Land Use</gco:CharacterString>
                    </keyword>
                    <keyword>
                        <gco:CharacterString>Zoning</gco:CharacterString>
                    </keyword>
                    <keyword>
                        <gco:CharacterString>Land Uses</gco:CharacterString>
                    </keyword>
                    <keyword>
                        <gco:CharacterString>Lots</gco:CharacterString>
                    </keyword>
                    <keyword>
                        <gco:CharacterString>Municipalities</gco:CharacterString>
                    </keyword>
                </MD_Keywords>
            </descriptiveKeywords>
            <descriptiveKeywords>
                <MD_Keywords>
                    <keyword>
                        <gco:CharacterString>Planning and Land Use</gco:CharacterString>
                    </keyword>
                    <keyword>
                        <gco:CharacterString>Zoning</gco:CharacterString>
                    </keyword>
                    <keyword>
                        <gco:CharacterString>Land Uses</gco:CharacterString>
                    </keyword>
                    <keyword>
                        <gco:CharacterString>Lots</gco:CharacterString>
                    </keyword>
                    <keyword>
                        <gco:CharacterString>Municipalities</gco:CharacterString>
                    </keyword>
                </MD_Keywords>
            </descriptiveKeywords>
            <descriptiveKeywords>
                <MD_Keywords>
                    <keyword>
                        <gco:CharacterString>Planning and Land Use</gco:CharacterString>
                    </keyword>
                    <keyword>
                        <gco:CharacterString>Zoning</gco:CharacterString>
                    </keyword>
                    <keyword>
                        <gco:CharacterString>Land Uses</gco:CharacterString>
                    </keyword>
                    <keyword>
                        <gco:CharacterString>Lots</gco:CharacterString>
                    </keyword>
                    <keyword>
                        <gco:CharacterString>Municipalities</gco:CharacterString>
                    </keyword>
                </MD_Keywords>
            </descriptiveKeywords>
            <descriptiveKeywords>
                <MD_Keywords>
                    <keyword>
                        <gco:CharacterString>Planning and Land Use</gco:CharacterString>
                    </keyword>
                    <keyword>
                        <gco:CharacterString>Zoning</gco:CharacterString>
                    </keyword>
                    <keyword>
                        <gco:CharacterString>Land Uses</gco:CharacterString>
                    </keyword>
                    <keyword>
                        <gco:CharacterString>Lots</gco:CharacterString>
                    </keyword>
                    <keyword>
                        <gco:CharacterString>Municipalities</gco:CharacterString>
                    </keyword>
                </MD_Keywords>
            </descriptiveKeywords>
            <descriptiveKeywords>
                <MD_Keywords>
                    <keyword>
                        <gco:CharacterString>Planning and Land Use</gco:CharacterString>
                    </keyword>
                    <keyword>
                        <gco:CharacterString>Zoning</gco:CharacterString>
                    </keyword>
                    <keyword>
                        <gco:CharacterString>Land Uses</gco:CharacterString>
                    </keyword>
                    <keyword>
                        <gco:CharacterString>Lots</gco:CharacterString>
                    </keyword>
                    <keyword>
                        <gco:CharacterString>Municipalities</gco:CharacterString>
                    </keyword>
                </MD_Keywords>
            </descriptiveKeywords>
            <resourceConstraints>
                <MD_Constraints>
                    <useLimitation>
                        <gco:CharacterString>https://creativecommons.org/licenses/by/4.0/</gco:CharacterString>
                    </useLimitation>
                </MD_Constraints>
            </resourceConstraints>
            <spatialRepresentationType>
                <MD_SpatialRepresentationTypeCode codeList="http://www.isotc211.org/2005/resources/Codelist/gmxCodelists.xml#MD_SpatialRepresentationTypeCode" codeListValue="vector" codeSpace="ISOTC211/19115">vector</MD_SpatialRepresentationTypeCode>
            </spatialRepresentationType>
            <language>
                <LanguageCode codeList="http://www.loc.gov/standards/iso639-2/php/code_list.php" codeListValue="eng" codeSpace="ISO639-2">eng</LanguageCode>
            </language>
            <characterSet>
                <MD_CharacterSetCode codeList="http://www.isotc211.org/2005/resources/Codelist/gmxCodelists.xml#MD_CharacterSetCode" codeListValue="utf8" codeSpace="ISOTC211/19115">utf8</MD_CharacterSetCode>
            </characterSet>
            <topicCategory>
                <MD_TopicCategoryCode>planningCadastre</MD_TopicCategoryCode>
            </topicCategory>
            <environmentDescription>
                <gco:CharacterString>Microsoft Windows 7 Version 6.1 (Build 7601) Service Pack 1; Esri ArcGIS 10.3.1.4959</gco:CharacterString>
            </environmentDescription>
            <extent>
                <EX_Extent>
                    <verticalElement>
                        <EX_VerticalExtent>
                            <minimumValue>
                                <gco:Real>0.000131</gco:Real>
                            </minimumValue>
                            <maximumValue>
                                <gco:Real>0.000131</gco:Real>
                            </maximumValue>
                            <verticalCRS gco:nilReason="other:see_referenceSystemInfo"/>
                        </EX_VerticalExtent>
                    </verticalElement>
                </EX_Extent>
            </extent>
            <extent>
                <EX_Extent>
                    <geographicElement>
                        <EX_GeographicBoundingBox>
                            <extentTypeCode>
                                <gco:Boolean>true</gco:Boolean>
                            </extentTypeCode>
                            <westBoundLongitude>
                                <gco:Decimal>-105.695351</gco:Decimal>
                            </westBoundLongitude>
                            <eastBoundLongitude>
                                <gco:Decimal>-105.050844</gco:Decimal>
                            </eastBoundLongitude>
                            <southBoundLatitude>
                                <gco:Decimal>39.912149</gco:Decimal>
                            </southBoundLatitude>
                            <northBoundLatitude>
                                <gco:Decimal>40.264166</gco:Decimal>
                            </northBoundLatitude>
                        </EX_GeographicBoundingBox>
                    </geographicElement>
                </EX_Extent>
            </extent>
        </MD_DataIdentification>
    </identificationInfo>
    <distributionInfo>
        <MD_Distribution>
            <distributionFormat>
                <MD_Format>
                    <name>
                        <gco:CharacterString>SDE Feature Class</gco:CharacterString>
                    </name>
                    <version gco:nilReason="missing"/>
                </MD_Format>
            </distributionFormat>
            <distributor>
                <MD_Distributor>
                    <distributorContact>
                        <CI_ResponsibleParty>
                            <organisationName>
                                <gco:CharacterString>Boulder County Land Use Department</gco:CharacterString>
                            </organisationName>
                            <contactInfo>
                                <CI_Contact>
                                    <phone>
                                        <CI_Telephone>
                                            <voice>
                                                <gco:CharacterString>303-441-3930</gco:CharacterString>
                                            </voice>
                                        </CI_Telephone>
                                    </phone>
                                    <address>
                                        <CI_Address>
                                            <deliveryPoint>
                                                <gco:CharacterString>2045 13th Street, PO Box 471</gco:CharacterString>
                                            </deliveryPoint>
                                            <city>
                                                <gco:CharacterString>Boulder</gco:CharacterString>
                                            </city>
                                            <administrativeArea>
                                                <gco:CharacterString>CO</gco:CharacterString>
                                            </administrativeArea>
                                            <postalCode>
                                                <gco:CharacterString>80503</gco:CharacterString>
                                            </postalCode>
                                            <electronicMailAddress>
                                                <gco:CharacterString>planner@bouldercounty.org</gco:CharacterString>
                                            </electronicMailAddress>
                                        </CI_Address>
                                    </address>
                                    <onlineResource>
                                        <CI_OnlineResource>
                                            <linkage>
                                                <URL>www.bouldercounty.org</URL>
                                            </linkage>
                                        </CI_OnlineResource>
                                    </onlineResource>
                                </CI_Contact>
                            </contactInfo>
                            <role>
                                <CI_RoleCode codeList="http://www.isotc211.org/2005/resources/Codelist/gmxCodelists.xml#CI_RoleCode" codeListValue="custodian" codeSpace="ISOTC211/19115">custodian</CI_RoleCode>
                            </role>
                        </CI_ResponsibleParty>
                    </distributorContact>
                    <distributorFormat>
                        <MD_Format>
                            <name>
                                <gco:CharacterString>SDE Feature Class</gco:CharacterString>
                            </name>
                            <version gco:nilReason="missing"/>
                        </MD_Format>
                    </distributorFormat>
                </MD_Distributor>
            </distributor>
            <transferOptions>
                <MD_DigitalTransferOptions/>
            </transferOptions>
        </MD_Distribution>
    </distributionInfo>
    <dataQualityInfo>
        <DQ_DataQuality>
            <scope>
                <DQ_Scope>
                    <level>
                        <MD_ScopeCode codeList="http://www.isotc211.org/2005/resources/Codelist/gmxCodelists.xml#MD_ScopeCode" codeListValue="feature" codeSpace="ISOTC211/19115">feature</MD_ScopeCode>
                    </level>
                </DQ_Scope>
            </scope>
        </DQ_DataQuality>
    </dataQualityInfo>
    <metadataConstraints>
        <MD_Constraints>
            <useLimitation>
                <gco:CharacterString>This data is for illustrative purposes only. Boulder County Land Use Department makes no warranties regarding the accuracy, completeness, reliability, or suitability of these data. Boulder County Land Use Department disclaims any liability associated with the use or misuse of these data. In accessing and/or relying on these data, the user fully assumes any and all risk associated with this information.</gco:CharacterString>
            </useLimitation>
        </MD_Constraints>
    </metadataConstraints>
    <metadataMaintenance>
        <MD_MaintenanceInformation>
            <maintenanceAndUpdateFrequency>
                <MD_MaintenanceFrequencyCode codeList="http://www.isotc211.org/2005/resources/Codelist/gmxCodelists.xml#MD_MaintenanceFrequencyCode" codeListValue="asNeeded" codeSpace="ISOTC211/19115">asNeeded</MD_MaintenanceFrequencyCode>
            </maintenanceAndUpdateFrequency>
        </MD_MaintenanceInformation>
    </metadataMaintenance>
</MD_Metadata>
